,web_source,total_submissions,total_subreddit,avg_train_cmmnts,avg_test_cmmnts,train_rsq,test_rsq,train_rmse,test_rmse,sig_features
0,reddit.com,1610609,984,16.487910707203,17.263494065588684,0.2749426744046396,0.1006049312659344,148.88017581993725,198.03297171857776,"{'title_length': 0.009469681766253553, 'selftText_len': 0.1734835598045665, 'avg_comments_perday': 0.0005870404579403585, 'subreddit_removed': 0.004708616912867051, 'time_since_last_sub_SubReddit': 0.00447043166487112, 'time_since_last_sub_websource': 0.00010997722552359884, 'time_since_last_sub_subRedditAuth': 0.00038456964756972524, 'avg_score_authsubreddit': 0.6066775846887159, 'num_unq_authors_persubreddit': 0.0010474122782039366, 'no_subreddits_perauth': 0.0009459080708987217, 'no_websource_perauth': 0.0, 'avg_comments_persubreddit_y': 0.04830627109950443, 'submission_age': 0.05249299011577851, 'prev_post_num_comments': 0.0314050840040987, 'is_author_flair': 0.0, 'is_link_flair': 0.0, 'over_18': 0.0, 'title_sentiment_subjectivity': 0.0, 'title_sentiment_polarity': 0.06591087226320781}"
1,nytimes.com,3520,225,22.37760749255002,16.357813834329633,0.373509063550739,0.2129673869995475,94.05043872095226,59.01159205687574,"{'title_length': 0.029244442970344536, 'selftText_len': 0.0, 'avg_comments_perday': 0.019481374385987293, 'subreddit_removed': 0.02062003234526916, 'time_since_last_sub_SubReddit': 0.042337173076359945, 'time_since_last_sub_websource': 0.017047873153045533, 'time_since_last_sub_subRedditAuth': 0.015600683135257027, 'avg_score_authsubreddit': 0.5802647889358179, 'num_unq_authors_persubreddit': 0.03915457485826293, 'no_subreddits_perauth': 0.021549076714123275, 'no_websource_perauth': 0.03505706614420499, 'avg_comments_persubreddit_y': 0.07900792697090463, 'submission_age': 0.03688526143659681, 'prev_post_num_comments': 0.033132815418153, 'is_author_flair': 0.0007256211541601997, 'is_link_flair': 0.0, 'over_18': 0.0, 'title_sentiment_subjectivity': 0.014208285158221659, 'title_sentiment_polarity': 0.015683004143291067}"
2,theguardian.com,4182,225,55.42424242424242,54.10312273057371,0.6656531807753847,0.37019074530710083,159.0004825066451,261.0084766423749,"{'title_length': 0.0025516784087026498, 'selftText_len': 0.0, 'avg_comments_perday': 0.01551388552058647, 'subreddit_removed': 0.0028753908271443892, 'time_since_last_sub_SubReddit': 0.07014261751035816, 'time_since_last_sub_websource': 0.0011438229023449347, 'time_since_last_sub_subRedditAuth': 0.19650544184139715, 'avg_score_authsubreddit': 0.6398654797103669, 'num_unq_authors_persubreddit': 0.007382677779714716, 'no_subreddits_perauth': 0.0041790134865962465, 'no_websource_perauth': 0.00350492080626018, 'avg_comments_persubreddit_y': 0.01959415635109109, 'submission_age': 0.0038681252895173806, 'prev_post_num_comments': 0.023438529185415488, 'is_author_flair': 0.0, 'is_link_flair': 0.0005274904759560885, 'over_18': 0.0, 'title_sentiment_subjectivity': 0.007415540127372691, 'title_sentiment_polarity': 0.0014912297771751907}"
3,wordpress.com,3381,422,4.88515406162465,7.949959644874899,0.6706076577818346,0.16760029476449587,11.037004213707974,34.23325759884819,"{'title_length': 0.08738793218983588, 'selftText_len': 0.0, 'avg_comments_perday': 0.03261203458819749, 'subreddit_removed': 0.03856445791686643, 'time_since_last_sub_SubReddit': 0.05665473489485548, 'time_since_last_sub_websource': 0.024416654858316452, 'time_since_last_sub_subRedditAuth': 0.024147883392452257, 'avg_score_authsubreddit': 0.3951911477020938, 'num_unq_authors_persubreddit': 0.03187707524124853, 'no_subreddits_perauth': 0.011794299484052835, 'no_websource_perauth': 0.007784100268355625, 'avg_comments_persubreddit_y': 0.0912389109352225, 'submission_age': 0.13518478345346463, 'prev_post_num_comments': 0.015346965481528325, 'is_author_flair': 0.005672693558760781, 'is_link_flair': 0.004916254500660925, 'over_18': 0.0, 'title_sentiment_subjectivity': 0.009030775753572747, 'title_sentiment_polarity': 0.028179295780515264}"
4,twitter.com,30962,566,33.76451899266458,32.406841719845175,0.42694779527180293,0.19950495879732166,86.08727140983922,90.03314542351382,"{'title_length': 0.023974278691902887, 'selftText_len': 0.0, 'avg_comments_perday': 0.008089280563818038, 'subreddit_removed': 0.015157103216559598, 'time_since_last_sub_SubReddit': 0.002879941630213317, 'time_since_last_sub_websource': 0.01433526108701685, 'time_since_last_sub_subRedditAuth': 0.004839367371822958, 'avg_score_authsubreddit': 0.8195680207432453, 'num_unq_authors_persubreddit': 0.013957865428463273, 'no_subreddits_perauth': 0.004685980638828824, 'no_websource_perauth': 0.0009284180684832842, 'avg_comments_persubreddit_y': 0.02005799079345923, 'submission_age': 0.033875584939312586, 'prev_post_num_comments': 0.005304761110077497, 'is_author_flair': 0.004084650013856954, 'is_link_flair': 0.00020997673862128583, 'over_18': 0.0, 'title_sentiment_subjectivity': 0.0031514194315296457, 'title_sentiment_polarity': 0.024900099532788517}"
5,facebook.com,3747,468,14.864718162839248,19.714497041420117,0.7544875497773853,0.3099618992729375,29.557709195279,87.86372916740882,"{'title_length': 0.024852942865497864, 'selftText_len': 0.0, 'avg_comments_perday': 0.025146410530635155, 'subreddit_removed': 0.013400722113510921, 'time_since_last_sub_SubReddit': 0.03603884622928943, 'time_since_last_sub_websource': 0.013510595506717779, 'time_since_last_sub_subRedditAuth': 0.046257059587697956, 'avg_score_authsubreddit': 0.5751808678671259, 'num_unq_authors_persubreddit': 0.008095618154746756, 'no_subreddits_perauth': 0.006478247410426163, 'no_websource_perauth': 0.005043417940467892, 'avg_comments_persubreddit_y': 0.054216659488629027, 'submission_age': 0.03028459179181347, 'prev_post_num_comments': 0.1053504405468249, 'is_author_flair': 0.0005921041888258422, 'is_link_flair': 0.0029490336045576893, 'over_18': 0.0, 'title_sentiment_subjectivity': 0.001890174921664759, 'title_sentiment_polarity': 0.05071226725156859}"
6,blogspot.com,3126,328,3.679049034175334,5.0379403794037945,0.9288711366513249,0.1796329588025364,6.6557875470825945,26.064517425331168,"{'title_length': 0.005886021251150025, 'selftText_len': 0.0, 'avg_comments_perday': 0.010609221261223635, 'subreddit_removed': 0.0031131237617268966, 'time_since_last_sub_SubReddit': 0.008770164271462629, 'time_since_last_sub_websource': 0.026466227283534375, 'time_since_last_sub_subRedditAuth': 0.04007681046318589, 'avg_score_authsubreddit': 0.7510220136829553, 'num_unq_authors_persubreddit': 0.0014580228168338315, 'no_subreddits_perauth': 3.908742487818528e-07, 'no_websource_perauth': 0.011556672280326705, 'avg_comments_persubreddit_y': 0.04721127721082084, 'submission_age': 0.03582389269394329, 'prev_post_num_comments': 0.027574818905427036, 'is_author_flair': 0.00014796976864843808, 'is_link_flair': 0.0008371209433046123, 'over_18': 0.0024080892553589267, 'title_sentiment_subjectivity': 0.0027246018218982835, 'title_sentiment_polarity': 0.024313561453950604}"
7,wikipedia.org,3601,263,46.886459209419684,37.42681929681112,0.7625879816352367,0.040473462823031214,125.0645185554492,199.67547735694788,"{'title_length': 0.009150088239334834, 'selftText_len': 0.0, 'avg_comments_perday': 0.00967452615176884, 'subreddit_removed': 0.0015276148440628984, 'time_since_last_sub_SubReddit': 0.0102746996420444, 'time_since_last_sub_websource': 0.017837880968426548, 'time_since_last_sub_subRedditAuth': 0.020177247726022463, 'avg_score_authsubreddit': 0.394517366750014, 'num_unq_authors_persubreddit': 0.008041039483639274, 'no_subreddits_perauth': 0.005078165048829997, 'no_websource_perauth': 0.00281613664261893, 'avg_comments_persubreddit_y': 0.03079732323317634, 'submission_age': 0.015062570321402428, 'prev_post_num_comments': 0.4612911397626139, 'is_author_flair': 0.0012522294607324963, 'is_link_flair': 0.005804204513368606, 'over_18': 0.0, 'title_sentiment_subjectivity': 0.0017154962983218745, 'title_sentiment_polarity': 0.0049822709136222755}"
8,washingtonpost.com,3281,181,79.20399818264426,64.01574074074074,0.593804200659282,0.4818526796687391,292.4892473775354,315.9831423672878,"{'title_length': 0.0007690269007027724, 'selftText_len': 0.0, 'avg_comments_perday': 0.006084025289014157, 'subreddit_removed': 0.004867414214377306, 'time_since_last_sub_SubReddit': 0.004085711993477071, 'time_since_last_sub_websource': 0.0028438903365791955, 'time_since_last_sub_subRedditAuth': 0.0007508671429868473, 'avg_score_authsubreddit': 0.9600740224445105, 'num_unq_authors_persubreddit': 0.000154089201802767, 'no_subreddits_perauth': 0.0012458545724214117, 'no_websource_perauth': 0.0003107092962052548, 'avg_comments_persubreddit_y': 0.0008089883834361666, 'submission_age': 0.011029420552401237, 'prev_post_num_comments': 0.004355770321300896, 'is_author_flair': 2.789177029094573e-05, 'is_link_flair': 0.000538765524534784, 'over_18': 0.0, 'title_sentiment_subjectivity': 9.318583802358605e-05, 'title_sentiment_polarity': 0.001960366217934968}"
9,cnn.com,2873,194,55.51995798319328,41.98968008255934,0.8221967996422146,0.08817151281538782,161.29282874507163,202.42152639160764,"{'title_length': 0.008844990535084632, 'selftText_len': 0.0, 'avg_comments_perday': 0.012772121255159974, 'subreddit_removed': 0.00783180911611278, 'time_since_last_sub_SubReddit': 0.019742789500616146, 'time_since_last_sub_websource': 0.051827369109953066, 'time_since_last_sub_subRedditAuth': 0.01313880342308955, 'avg_score_authsubreddit': 0.7850812354005618, 'num_unq_authors_persubreddit': 0.003969912265459603, 'no_subreddits_perauth': 0.0021109303902692505, 'no_websource_perauth': 0.02286872503850129, 'avg_comments_persubreddit_y': 0.015235906099217506, 'submission_age': 0.037773130786290174, 'prev_post_num_comments': 0.016485209054260614, 'is_author_flair': 0.0, 'is_link_flair': 6.73767876931933e-06, 'over_18': 0.0, 'title_sentiment_subjectivity': 0.0011734737931505257, 'title_sentiment_polarity': 0.0011368565535037657}"
10,huffingtonpost.com,1706,141,66.65597147950089,69.71746575342466,0.7459529832173225,0.19679803664000228,155.5860757007028,313.991697279494,"{'title_length': 0.16771612328450464, 'selftText_len': 0.0, 'avg_comments_perday': 0.009994451661242383, 'subreddit_removed': 0.010411326685693062, 'time_since_last_sub_SubReddit': 0.004371908570056679, 'time_since_last_sub_websource': 0.009733839350796214, 'time_since_last_sub_subRedditAuth': 0.005944565256405878, 'avg_score_authsubreddit': 0.48202046263468423, 'num_unq_authors_persubreddit': 0.0028899064553734627, 'no_subreddits_perauth': 0.02237566313036094, 'no_websource_perauth': 0.03481546010169908, 'avg_comments_persubreddit_y': 0.003290189941089561, 'submission_age': 0.003908848056581084, 'prev_post_num_comments': 0.07192752085298035, 'is_author_flair': 0.0, 'is_link_flair': 0.16055790197028752, 'over_18': 0.0, 'title_sentiment_subjectivity': 0.004190254785520751, 'title_sentiment_polarity': 0.005851577262724305}"
11,miamiherald.com,137,41,65.48648648648648,36.61904761904762,0.9885701657715898,-1.6470298876583758,34.555410597409114,180.2111748992439,"{'title_length': 3.549062373818509e-05, 'selftText_len': 0.0, 'avg_comments_perday': 0.0031612516513965135, 'subreddit_removed': 9.11302685119503e-05, 'time_since_last_sub_SubReddit': 3.753223459226863e-05, 'time_since_last_sub_websource': 0.006776345873011863, 'time_since_last_sub_subRedditAuth': 4.558642639812975e-05, 'avg_score_authsubreddit': 0.9823842996949173, 'num_unq_authors_persubreddit': 0.0019074288128493537, 'no_subreddits_perauth': 0.004284541793610399, 'no_websource_perauth': 0.00014911030454857965, 'avg_comments_persubreddit_y': 0.00018057703509846297, 'submission_age': 3.742108407562818e-05, 'prev_post_num_comments': 0.0003357371690022675, 'is_author_flair': 0.0, 'is_link_flair': 7.894509346329827e-06, 'over_18': 0.0, 'title_sentiment_subjectivity': 0.0004729490158274416, 'title_sentiment_polarity': 9.270350307546694e-05}"
