,web_source,total_submissions,total_subreddits,train_rsq,test_rsq,train_rmse,test_rmse,sig_features
0,reddit.com,1610609,984,0.3086864135868359,0.09009755644418638,145.37450423969906,199.18639395133508,"{'over_18': 0.0, 'ups': 0.56441645695025, 'downs': 0.0, 'title_length': 0.010688453802645995, 'selftText_len': 0.116590486036804, 'title_sentiment_subjectivity': 0.0001838761453014069, 'title_sentiment_polarity': 1.105240887995376e-08, 'avg_comments_perday': 8.067085790957328e-05, 'subreddit_removed': 0.004907655781516374, 'SubTitle_Sim2Subreddit': 0.0012653149741313565, 'SubTitle_Sim2WebSource': 0.0006944714992885664, 'time_since_last_sub_SubReddit': 0.0008186011749212614, 'time_since_last_sub_websource': 0.0, 'time_since_last_sub_subRedditAuth': 6.739001891209575e-06, 'avg_score_authsubreddit': 0.0908820946048207, 'is_author_flair': 0.0, 'is_link_flair': 0.0, 'num_unq_authors_persubreddit': 0.0035935511120901405, 'no_subreddits_perauth': 0.0006606471142364574, 'no_websource_perauth': 0.0, 'avg_comments_persubreddit_y': 0.1622950585861695, 'submission_age': 0.004630646973006182, 'prev_post_num_comments': 0.03828526433260864}"
1,nytimes.com,3520,225,0.7034873874371546,0.6135784681802285,64.70308905881657,41.349629818024624,"{'over_18': 0.0, 'ups': 0.5792129999222949, 'downs': 0.0, 'title_length': 0.06363484304237377, 'selftText_len': 0.0, 'title_sentiment_subjectivity': 0.006504157514679942, 'title_sentiment_polarity': 0.005849145704096058, 'avg_comments_perday': 0.031767342438570656, 'subreddit_removed': 0.015013098765657722, 'SubTitle_Sim2Subreddit': 0.029996070186204888, 'SubTitle_Sim2WebSource': 0.03008230154546686, 'time_since_last_sub_SubReddit': 0.00509443016669315, 'time_since_last_sub_websource': 0.036946225705761684, 'time_since_last_sub_subRedditAuth': 0.0009483952660247128, 'avg_score_authsubreddit': 0.06754672347000967, 'is_author_flair': 0.0007370133492012208, 'is_link_flair': 0.0029294886080406066, 'num_unq_authors_persubreddit': 0.01080070219076025, 'no_subreddits_perauth': 0.00285497265247224, 'no_websource_perauth': 0.0004987938295143529, 'avg_comments_persubreddit_y': 0.06607241373055525, 'submission_age': 0.008651776840839289, 'prev_post_num_comments': 0.034859105070782714}"
2,theguardian.com,4182,225,0.827850192737717,0.5199070490614732,114.09145394533701,227.88343522696815,"{'over_18': 0.0, 'ups': 0.41195030977119396, 'downs': 0.0, 'title_length': 0.002716366380849968, 'selftText_len': 0.0, 'title_sentiment_subjectivity': 0.030193718648944913, 'title_sentiment_polarity': 0.0020827582849833348, 'avg_comments_perday': 0.0007299088406326739, 'subreddit_removed': 0.0009351882431473173, 'SubTitle_Sim2Subreddit': 0.03753993387130062, 'SubTitle_Sim2WebSource': 0.0038307577213957684, 'time_since_last_sub_SubReddit': 0.0016245549048922333, 'time_since_last_sub_websource': 0.017532274819873607, 'time_since_last_sub_subRedditAuth': 0.06941955633520921, 'avg_score_authsubreddit': 0.3240203830876901, 'is_author_flair': 0.0, 'is_link_flair': 0.0018913937807537883, 'num_unq_authors_persubreddit': 0.004364091614252686, 'no_subreddits_perauth': 0.0009194578005508016, 'no_websource_perauth': 0.04490352506794605, 'avg_comments_persubreddit_y': 0.041649257861159875, 'submission_age': 0.0009573335744166346, 'prev_post_num_comments': 0.0027392293908064325}"
3,wordpress.com,3381,422,0.6923223190676171,0.19494423545242867,10.667003949940346,33.66628931461215,"{'over_18': 0.0, 'ups': 0.357482234304614, 'downs': 0.0, 'title_length': 0.05659063990818218, 'selftText_len': 0.0, 'title_sentiment_subjectivity': 0.0022532561500218477, 'title_sentiment_polarity': 0.009847237865092296, 'avg_comments_perday': 0.03325589748492738, 'subreddit_removed': 0.02082802083852446, 'SubTitle_Sim2Subreddit': 0.019235649990188952, 'SubTitle_Sim2WebSource': 0.018583677338317568, 'time_since_last_sub_SubReddit': 0.020884158913884343, 'time_since_last_sub_websource': 0.014250036599392288, 'time_since_last_sub_subRedditAuth': 0.009103864378098118, 'avg_score_authsubreddit': 0.06025983056023059, 'is_author_flair': 0.0016546353955974907, 'is_link_flair': 0.0011900463454422969, 'num_unq_authors_persubreddit': 0.01402723692340844, 'no_subreddits_perauth': 0.0015613711704619226, 'no_websource_perauth': 0.060140558678147965, 'avg_comments_persubreddit_y': 0.18558080833423118, 'submission_age': 0.08845274265800868, 'prev_post_num_comments': 0.024818096163227943}"
4,twitter.com,30962,566,0.5076844778800571,0.3022999413814984,79.79278313252567,84.05382467674428,"{'over_18': 0.0, 'ups': 0.7760833073440646, 'downs': 0.0, 'title_length': 0.02543741577409893, 'selftText_len': 0.0, 'title_sentiment_subjectivity': 0.003688169349134786, 'title_sentiment_polarity': 0.030297922084013888, 'avg_comments_perday': 0.034247409624289744, 'subreddit_removed': 0.011196843554851066, 'SubTitle_Sim2Subreddit': 0.0003323959077789019, 'SubTitle_Sim2WebSource': 0.0031199405165887022, 'time_since_last_sub_SubReddit': 0.003027086609493756, 'time_since_last_sub_websource': 0.0033953504089164555, 'time_since_last_sub_subRedditAuth': 5.256849918625527e-05, 'avg_score_authsubreddit': 0.056126788841196436, 'is_author_flair': 0.002588287246575595, 'is_link_flair': 0.00012072669753649957, 'num_unq_authors_persubreddit': 0.007359807210246641, 'no_subreddits_perauth': 0.0, 'no_websource_perauth': 0.0, 'avg_comments_persubreddit_y': 0.013395114707470188, 'submission_age': 0.017830387003647502, 'prev_post_num_comments': 0.011700478620910061}"
5,facebook.com,3747,468,0.805502653509417,0.45398138541942756,26.308182871217443,78.15860884137898,"{'over_18': 0.0, 'ups': 0.5217913524122662, 'downs': 0.0, 'title_length': 0.00887384095846281, 'selftText_len': 0.0, 'title_sentiment_subjectivity': 0.003152416211382117, 'title_sentiment_polarity': 0.022735421499627526, 'avg_comments_perday': 0.021775287944149978, 'subreddit_removed': 0.006855105846186872, 'SubTitle_Sim2Subreddit': 0.03444744606711385, 'SubTitle_Sim2WebSource': 0.017000323865618734, 'time_since_last_sub_SubReddit': 0.012931057158687337, 'time_since_last_sub_websource': 0.0013282752603912672, 'time_since_last_sub_subRedditAuth': 0.005631163776898422, 'avg_score_authsubreddit': 0.20202183582445993, 'is_author_flair': 2.757349544929201e-06, 'is_link_flair': 0.00032809711750012054, 'num_unq_authors_persubreddit': 0.003151534104146375, 'no_subreddits_perauth': 0.00015356160344222122, 'no_websource_perauth': 0.006169070011415883, 'avg_comments_persubreddit_y': 0.046573624160746306, 'submission_age': 0.014235330336725275, 'prev_post_num_comments': 0.07084249849123381}"
6,blogspot.com,3126,328,0.8671571463934713,0.6780920004535398,9.095898690279359,16.327190920493223,"{'over_18': 5.1472975068535325e-05, 'ups': 0.5390410990673111, 'downs': 0.0, 'title_length': 0.011318452362984292, 'selftText_len': 0.0, 'title_sentiment_subjectivity': 0.0068130240087980005, 'title_sentiment_polarity': 0.012675147721815662, 'avg_comments_perday': 0.008027443555329451, 'subreddit_removed': 0.009529091372898674, 'SubTitle_Sim2Subreddit': 0.0015113386859256837, 'SubTitle_Sim2WebSource': 2.8805448502776824e-05, 'time_since_last_sub_SubReddit': 0.005060193832336968, 'time_since_last_sub_websource': 0.005602365802122755, 'time_since_last_sub_subRedditAuth': 0.019141523688308158, 'avg_score_authsubreddit': 0.2835691474816985, 'is_author_flair': 2.6557878654461848e-05, 'is_link_flair': 0.00010238538050600545, 'num_unq_authors_persubreddit': 0.00425535992616377, 'no_subreddits_perauth': 0.0001151492259833384, 'no_websource_perauth': 0.0, 'avg_comments_persubreddit_y': 0.03664949047765046, 'submission_age': 0.042875263408692715, 'prev_post_num_comments': 0.013606687699248846}"
7,wikipedia.org,3601,263,0.8675082010864679,0.5446670636513353,93.42804556910671,137.5500552568416,"{'over_18': 0.0, 'ups': 0.7065300420670286, 'downs': 0.0, 'title_length': 0.008027830979898776, 'selftText_len': 0.0, 'title_sentiment_subjectivity': 0.00782600271855416, 'title_sentiment_polarity': 0.0011529530891030216, 'avg_comments_perday': 0.007989199541671113, 'subreddit_removed': 0.0007817751607957689, 'SubTitle_Sim2Subreddit': 0.015147259366724715, 'SubTitle_Sim2WebSource': 0.026782196565261335, 'time_since_last_sub_SubReddit': 0.015073433940391838, 'time_since_last_sub_websource': 0.020771985004249826, 'time_since_last_sub_subRedditAuth': 7.095007033016737e-05, 'avg_score_authsubreddit': 0.10055251451580546, 'is_author_flair': 0.001216657966018986, 'is_link_flair': 0.0014060680784398637, 'num_unq_authors_persubreddit': 0.012651101863861163, 'no_subreddits_perauth': 0.003053926517259674, 'no_websource_perauth': 0.004925214711135534, 'avg_comments_persubreddit_y': 0.03236551852456909, 'submission_age': 0.025127892588521612, 'prev_post_num_comments': 0.008547476730379212}"
8,washingtonpost.com,3281,181,0.7561806501857044,0.7051389167742887,226.60854143270504,238.36693587558383,"{'over_18': 0.0, 'ups': 0.21987474231469206, 'downs': 0.0, 'title_length': 0.00246295718811848, 'selftText_len': 0.0, 'title_sentiment_subjectivity': 2.6160875989848337e-05, 'title_sentiment_polarity': 0.0008683417912877174, 'avg_comments_perday': 0.0008396324456707389, 'subreddit_removed': 0.00040318178390372537, 'SubTitle_Sim2Subreddit': 7.943104239233657e-05, 'SubTitle_Sim2WebSource': 0.000946856478182682, 'time_since_last_sub_SubReddit': 0.0015044306175711576, 'time_since_last_sub_websource': 0.0012261501199802073, 'time_since_last_sub_subRedditAuth': 7.451098763237046e-05, 'avg_score_authsubreddit': 0.7682096193293161, 'is_author_flair': 6.545491928782319e-05, 'is_link_flair': 0.0, 'num_unq_authors_persubreddit': 0.0005907507057590465, 'no_subreddits_perauth': 0.0006258989905141299, 'no_websource_perauth': 0.00039535649433223495, 'avg_comments_persubreddit_y': 8.747491130870157e-05, 'submission_age': 0.0013811565576403477, 'prev_post_num_comments': 0.000337892446420361}"
9,cnn.com,2873,194,0.8853421688003428,0.5666586195006702,129.5230710129623,139.54529513934645,"{'over_18': 0.0, 'ups': 0.6557399673389269, 'downs': 0.0, 'title_length': 0.041369933444634556, 'selftText_len': 0.0, 'title_sentiment_subjectivity': 0.00024843785300190507, 'title_sentiment_polarity': 0.005633342390407951, 'avg_comments_perday': 0.02330149667436386, 'subreddit_removed': 0.001096281269547585, 'SubTitle_Sim2Subreddit': 0.005557659515712162, 'SubTitle_Sim2WebSource': 0.0017617790717500688, 'time_since_last_sub_SubReddit': 0.011941808003276318, 'time_since_last_sub_websource': 0.013580301960851327, 'time_since_last_sub_subRedditAuth': 0.0029999514634380686, 'avg_score_authsubreddit': 0.16334214370816513, 'is_author_flair': 0.00013213550855686233, 'is_link_flair': 0.004845223522016742, 'num_unq_authors_persubreddit': 0.010384300545082456, 'no_subreddits_perauth': 0.012324400059783308, 'no_websource_perauth': 0.006100008863231426, 'avg_comments_persubreddit_y': 0.006606971843074838, 'submission_age': 0.023548218151744224, 'prev_post_num_comments': 0.009485638812434428}"
10,huffingtonpost.com,1706,141,0.8310393009312218,0.5992532346127972,126.88390205111394,221.78940535687414,"{'over_18': 0.0, 'ups': 0.3239236571466092, 'downs': 0.0, 'title_length': 0.07931438768537588, 'selftText_len': 0.0, 'title_sentiment_subjectivity': 0.0017480213760588594, 'title_sentiment_polarity': 0.053171728746469166, 'avg_comments_perday': 0.03535404421882501, 'subreddit_removed': 0.157342466259591, 'SubTitle_Sim2Subreddit': 0.010264974959447847, 'SubTitle_Sim2WebSource': 0.0012600033758074448, 'time_since_last_sub_SubReddit': 0.04818618555608705, 'time_since_last_sub_websource': 0.017994748144121567, 'time_since_last_sub_subRedditAuth': 0.00011775853132879946, 'avg_score_authsubreddit': 0.16291744259896, 'is_author_flair': 0.0, 'is_link_flair': 0.010614297172683593, 'num_unq_authors_persubreddit': 0.033608594641586324, 'no_subreddits_perauth': 0.008694734869498063, 'no_websource_perauth': 0.016798130441943834, 'avg_comments_persubreddit_y': 0.001534262902946641, 'submission_age': 1.2964507116896418e-05, 'prev_post_num_comments': 0.037141596865542706}"
11,miamiherald.com,137,41,0.9655246878995281,-0.24074881206015064,60.01367128086612,123.37984765054588,"{'over_18': 0.0, 'ups': 0.4184278693378471, 'downs': 0.0, 'title_length': 3.244485216755795e-05, 'selftText_len': 0.0, 'title_sentiment_subjectivity': 0.00018004685155872897, 'title_sentiment_polarity': 0.006416730356085471, 'avg_comments_perday': 9.392183843193085e-05, 'subreddit_removed': 1.368111513940911e-05, 'SubTitle_Sim2Subreddit': 0.0015369444411335636, 'SubTitle_Sim2WebSource': 9.207617033564888e-05, 'time_since_last_sub_SubReddit': 0.0037487755631145803, 'time_since_last_sub_websource': 0.00020472847546369654, 'time_since_last_sub_subRedditAuth': 1.7669630238936217e-05, 'avg_score_authsubreddit': 0.5444174422782523, 'is_author_flair': 0.0, 'is_link_flair': 0.0, 'num_unq_authors_persubreddit': 0.0012050509885539627, 'no_subreddits_perauth': 0.008500105195852013, 'no_websource_perauth': 0.004930599531046961, 'avg_comments_persubreddit_y': 0.005648877823732864, 'submission_age': 5.66292196612707e-05, 'prev_post_num_comments': 0.0044764063313841584}"
